<?xml version="1.0" encoding="UTF-8" ?>
<!DOCTYPE mapper
        PUBLIC "-//mybatis.org//DTD Mapper 3.0//EN"
        "http://mybatis.org/dtd/mybatis-3-mapper.dtd">
<mapper namespace="Dao.Mapper.CommentMapper">

    <resultMap id="CommentResultMap" type="Pojo.Comment">
        <result column="comment_id" property="cid"></result>
        <result column="user_id" property="uid"></result>
        <result column="service_id" property="sid"></result>
        <result column="note_id" property="nid"></result>
        <result column="comment_type" property="type"></result>
        <result column="comment_date" property="date"></result>
    </resultMap>

    <!--    获取全部评论列表(评论id，用户名，评论内容，评论时间)-->
    <select id="selectComments" resultType="map">
        select comment_id,username,comment_date,content,user_img from t_comment,t_user
        <where>
            <choose>
                <when test="sid != null and sid != 0">
                    service_id = #{sid}
                </when>
                <when test="nid != null and nid !=0">
                    note_id = #{nid}
                </when>
            </choose>
        </where>
        and t_comment.user_id = t_user.user_id order by comment_id desc
    </select>

<!--    使用分页功能获取评论列表(评论id，用户名，评论内容，评论时间)   +  用户头像-->
    <select id="selectCommentsByPage" resultType="Map">
        select comment_id,username,comment_date,content,user_img from t_comment,t_user
        <where>
            <choose>
                <when test="sid != null and sid != 0">
                    service_id = #{sid}
                </when>
                <when test="nid != null and nid !=0">
                    note_id = #{nid}
                </when>
            </choose>
        </where>
        and t_comment.user_id = t_user.user_id order by comment_id desc limit #{begin},#{size}
    </select>

<!--    查询目标评论的数量-->
    <select id="selectAmountOfComments" resultType="int">
        select count(*) from t_comment
        <where>
            <choose>
                <when test="sid != null and sid != 0">
                    service_id = #{sid}
                </when>
                <when test="nid != null and nid !=0">
                    note_id = #{nid}
                </when>
            </choose>
        </where>
    </select>




</mapper>
