<?xml version="1.0" encoding="UTF-8" ?>
<!DOCTYPE mapper
        PUBLIC "-//mybatis.org//DTD Mapper 3.0//EN"
        "http://mybatis.org/dtd/mybatis-3-mapper.dtd">
<mapper namespace="Dao.Mapper.UserMapper">

    <!--    防止数据库字段名与brand实体类的属性名不匹配(用于将数据库中的数据储存到java实体类中)-->
    <resultMap id="userResultMap" type="Pojo.User">
        <result column="user_id" property="uid"></result>
    </resultMap>
    <insert id="registerUser">
        insert into t_user (USERNAME,PASSWORD,phone)
        values (#{user.username},#{user.password},#{user.phone});
    </insert>
    <update id="change" >
        update t_user
        set phone = #{user.phone}, realname= #{user.realName}, details = #{user.details},sex = #{user.sex}
        where user_id =#{user.uid};
    </update>
    <update id="reset">
        update t_user
        set PASSWORD = #{user.newPass}
        where user_id = #{user.uid};
    </update>
    <insert id="addSafe">
        insert into  t_secretinfo(user_id, question,answer)
        values (#{safe.uid},#{safe.question},#{safe.answer});
    </insert>
    <select id="selectUserByUid" resultType="Pojo.User">
        select * from t_user where user_id = #{uid}
    </select>


<!--    &lt;!&ndash;    根据登录信息返回用户对象，如果对象存在则登陆成功》》并将用户信息返回给浏览器&ndash;&gt;-->
<!--    <select id="SelectIdByLoginInfo" resultType="Pojo.User">-->
<!--        select * from t_user where username = #{username} and password = #{password}-->
<!--    </select>-->

    <select id="getPassword" resultType="java.lang.String">
        select PASSWORD
        from t_user
        where user_id = #{user.uid};
    </select>
    <select id="findSafe" resultType="java.lang.Boolean">
        select Count(*)
        from t_secretinfo
        where user_id=#{uid};
    </select>

</mapper>